dfaf4f,172.18.0.5,GET,https://drupal-v2.ddev.site/user/1,1765495115,dfaf4f,200,request
cddb37,172.18.0.5,GET,https://drupal-v2.ddev.site/user/1,1765495115,dfaf4f,200,request
1ae9dd,172.18.0.5,GET,https://drupal-v2.ddev.site/user/1,1765495115,dfaf4f,200,request
a6fb55,172.18.0.5,GET,https://drupal-v2.ddev.site/user/1,1765495115,dfaf4f,200,request
78e2f9,172.18.0.5,GET,https://drupal-v2.ddev.site/user/1,1765495115,dfaf4f,200,request
657d02,172.18.0.5,GET,https://drupal-v2.ddev.site/user/1,1765495115,dfaf4f,200,request
aa5edf,172.18.0.5,GET,https://drupal-v2.ddev.site/user/1,1765495115,dfaf4f,200,request
6775d5,172.18.0.5,GET,https://drupal-v2.ddev.site/user/1,1765495115,dfaf4f,200,request
f5c6d3,172.18.0.5,GET,https://drupal-v2.ddev.site/user/1,1765495115,dfaf4f,200,request
9149e7,172.18.0.5,GET,https://drupal-v2.ddev.site/user/1,1765495115,dfaf4f,200,request
a4aaf1,172.18.0.5,GET,https://drupal-v2.ddev.site/user/1,1765495115,dfaf4f,200,request
3f1b95,172.18.0.5,GET,https://drupal-v2.ddev.site/user/1,1765495115,dfaf4f,200,request
54e6b0,172.18.0.5,GET,https://drupal-v2.ddev.site/user/1,1765495115,dfaf4f,200,request
a17459,172.18.0.5,GET,https://drupal-v2.ddev.site/user/1,1765495115,dfaf4f,200,request
2b60c5,172.18.0.5,GET,https://drupal-v2.ddev.site/,1765495154,2b60c5,200,request
3cb534,172.18.0.5,GET,https://drupal-v2.ddev.site/,1765495154,2b60c5,200,request
287bbc,172.18.0.5,GET,https://drupal-v2.ddev.site/,1765495154,2b60c5,200,request
828ef6,172.18.0.5,GET,https://drupal-v2.ddev.site/,1765495154,2b60c5,200,request
39af1c,172.18.0.5,GET,https://drupal-v2.ddev.site/,1765495154,2b60c5,200,request
cfb1d8,172.18.0.5,GET,https://drupal-v2.ddev.site/,1765495154,2b60c5,200,request
b844cf,172.18.0.5,GET,https://drupal-v2.ddev.site/,1765495154,2b60c5,200,request
1358e2,172.18.0.5,GET,https://drupal-v2.ddev.site/,1765495154,2b60c5,200,request
1acaf0,172.18.0.5,GET,https://drupal-v2.ddev.site/,1765495155,2b60c5,200,request
4bd262,172.18.0.5,GET,https://drupal-v2.ddev.site/,1765495155,2b60c5,200,request
7ba996,172.18.0.5,GET,https://drupal-v2.ddev.site/,1765495155,2b60c5,200,request
b62415,172.18.0.5,GET,https://drupal-v2.ddev.site/,1765495155,2b60c5,200,request
